,v-Concerned,v-Smiling,v-Negative,v-Neutral,v-Tongue,v-Sleepy,v-Affection,v-Unwell,v-All,a-Concerned,a-Smiling,a-Negative,a-Neutral,a-Tongue,a-Sleepy,a-Affection,a-Unwell,a-All,d-Concerned,d-Smiling,d-Negative,d-Neutral,d-Tongue,d-Sleepy,d-Affection,d-Unwell,d-All
0,0.016447370373069092,0.01653197053220619,0.00985479034835016,0.009009496313470401,0.0009855879358062023,0.003223672954852986,0.020341654079627264,0.033196851952321076,0.013486307943397531,0.017873364263531793,0.011498791742446297,0.008529044329060813,0.01921186539039058,0.005104205973296654,0.006334408162078929,0.00935518301085527,0.015506729657040396,0.013341839574245553,0.011695901842202561,0.016881435083680105,0.043419535458686556,0.010737913597184345,0.002381091279781344,0.010966825177649325,0.011124602388105892,0.005307050524444036,0.014189042648669905
1,0.009111789594962807,0.006239886372371939,0.020527414154173057,0.051149147976092386,0.004364784297044323,0.00750656671117125,0.005005803387582566,0.024772103159233595,0.01162172322618782,0.008590569753097273,0.020793979474526936,0.015249742525415595,0.01708323221938759,0.010134168107005698,0.006953841682842592,0.0023349992484505006,0.00014350928277529607,0.012875364580667915,0.006688899346143146,0.016546316058546603,0.034518223446311815,0.012224171618696818,0.0036910074789239045,0.01369620127449452,0.00844804513742555,2.9736242243415666e-05,0.01357310675965962
2,0.005807519320152316,0.012043237219675946,0.011706066431751821,0.012732916519930111,0.004211089132608001,0.012205453031498932,0.00315233441951783,0.042326573393692904,0.00939547499425366,0.004634780468818908,0.021489111706764954,0.006787801389562402,0.020025063526394982,0.0022814050157900804,0.021262882768736408,0.010649055161583394,0.0079110902813761,0.01253742808551483,0.011228243039955893,0.012144649455641341,0.020175064852049226,0.012945356313689687,0.008431695386556649,0.015560528105390848,0.018653852428785225,0.00546860590170053,0.01433905370576446
3,0.013840800456402326,0.01443722677631377,0.012548977440167414,0.003535330221995877,0.03381466189340938,0.024014026328303625,0.009384260341440874,0.058399251108796894,0.013859037849217161,0.00733919194123792,0.014027703183673612,0.005892825847104677,0.015561831723519078,0.009778991082465754,0.005602620379732235,0.012193155326921001,0.06310098784081,0.010259924019153746,0.014236643595913173,0.014263617390977864,0.01499000873651398,0.013627068093980534,0.008756596998833114,0.0011864997710944202,0.006368454003597225,0.03226695198892176,0.013340150845814936
4,0.00906465823910616,0.015608161911194665,0.01464622886467618,0.0016286970266595814,0.01485677386611585,0.012718239704986655,0.009214823602460403,0.008302858956000626,0.010657810011192292,0.007132921422986032,0.016214713070649575,0.0068759350828023515,0.01059344646933108,0.003762804454988756,0.010835406988116457,0.0197126547056552,5.360049656769593e-05,0.01129155026553798,0.007801413505467588,0.017829078900016622,0.042663975615087196,0.014076690806354208,0.0002152312090674667,0.004186269063565784,0.0077088678425800816,0.00043560907656249993,0.015339598098202676
5,0.013587016916526196,0.0329843480367868,0.015848653184467702,0.005311112238918244,0.014539067284591617,0.004983390303834204,0.009210937905333987,0.024502886894640405,0.016099993962533223,0.00800203277178148,0.022963805421641795,0.000668975676917067,0.0036222275071473645,0.0379442760572501,0.005057574776831413,0.004550371358397939,0.0041094542302506235,0.012937100483773216,0.008454753811026816,0.01773082696554234,0.031112818016219398,0.0011450796277304004,0.007311922028433161,0.015163834755958117,0.010233530042574601,0.011903383218301129,0.013679125571584138
6,0.011693394201059262,0.012201536297362592,0.014562101924539913,0.007545433147100914,0.00858874866708577,0.03671834656862932,0.027797117676299003,0.01597292379734509,0.013502520137949777,0.007907966308976843,0.010589050156160684,0.0029554403785912956,0.0017879009120462725,0.00871510861934309,0.0004911581168588686,0.008934724280913237,0.005094251244853357,0.007794519528905282,0.012353876833827741,0.03322418854674709,0.034831133499267,0.002930593509687572,0.03790810781460817,0.009471859495866562,0.0035612353098838727,0.02286171488242628,0.017932707688831623
7,0.007383337912053889,0.012225868726893812,0.029138474521193735,0.01626471276743912,0.010346857781767135,0.02543868039959247,0.003626839793566264,0.02459179103329,0.011868254453365153,0.008107878678502713,0.011728645048284391,0.005509446921439298,0.01245298361333596,0.009031724285370003,0.0004908477859219612,0.0006316176551352825,0.0137312484877681,0.009631083392633554,0.018090019670193174,0.019489698352822056,0.023681551015603975,0.0023524933680395166,0.024740231951606465,0.006353636391252875,0.009415940048239722,4.930065140624985e-06,0.017257407888092217
8,0.012265027095143682,0.014182950001589693,0.010925524718894587,0.0039812291626164596,0.0016638705190766187,0.02408916779948607,0.0024071871047312084,0.020477931117658884,0.011327920844137468,0.01121819245073935,0.010887219207789997,0.0029007259371153383,0.012868817809375967,0.0032734129350989946,0.009023615586807605,0.02551133217791882,0.004549131478604701,0.010779970617939068,0.021010862354276006,0.0208002055170487,0.030037474203538625,0.010662368803041548,0.004822745455040444,0.0020929297705273957,0.004850132399409312,0.0009232445788035999,0.018628133414946492
9,0.008251066408906008,0.012457606872102903,0.01288048317524081,0.005524157823685102,0.013502757032794743,0.06599460938904861,0.005703784954465266,0.0004401161752709162,0.012226618742399872,0.006088688231859167,0.011566857076631276,0.005790948574892778,0.005564108044561642,0.00010160113980389707,0.0011415783742511297,0.002584931212147424,0.0008922732357092491,0.0072745848440756294,0.0209213468718807,0.007229006709885762,0.017098332668015914,0.019077094154184866,0.011305041928267014,0.003425096065437854,0.004145530272955971,0.019925516878319526,0.016934870672900827
10,0.009108018199052964,0.01265260271135954,0.013685655779613793,0.0008206286049348246,0.03971954965024756,0.01527714715494255,0.007831256762121333,0.1027317774263883,0.01595648315538111,0.004553914351835668,0.02233626417970201,0.019837168971959713,0.030825229845082243,0.009184381297539379,0.005567476588507444,0.002269178364910862,0.005953091234813283,0.011825988942554008,0.008985231234600129,0.015984380439191394,0.027619873383129045,0.019234461501076695,0.0020577254169101764,0.03230140896584823,0.0029176032754168343,0.00755917942595093,0.012977850810648039
11,0.01115855049691065,0.014514449014860611,0.012704570579182565,0.008312642615005686,0.004259800660716753,0.035244616725757655,0.011697733004101233,0.07588327463925612,0.014455750535733034,0.007428429937085981,0.020887270756526775,0.00664296863740697,0.010526590036601335,0.007807217185825361,0.005917751753461205,0.00871045996607655,0.0346521650168464,0.012699611814958944,0.01349508645655651,0.00471759657565687,0.021942638945659634,0.03206333088094634,0.00881466185953701,0.010071803710456016,0.003133714685471186,0.012537644133310884,0.01328132169062245
12,0.014393465136871422,0.015993510339498064,0.026028902508671077,0.007774728485398681,0.00607149077284661,0.01836259349709409,0.0005332232868226135,0.0434698022444569,0.015980611877224403,0.01573371632032959,0.013893740123967496,0.005727415584148439,0.012099500935089453,0.017830441354252304,0.001218027775162965,0.006239747375786087,0.009749700756368329,0.011881977548611675,0.02883241453906085,0.012737700113509042,0.0307276851697522,0.010190954516621897,0.003431770274553918,0.010062988410205068,0.0025613468786320846,0.005053428675350784,0.017731297312692188
13,0.012246668224655772,0.017246873348424233,0.01577429447973192,0.012031251683681674,0.007823117103684964,0.02628952862674052,0.012315036486418915,0.007023594811472101,0.012574913575111047,0.010696835439433203,0.013809289163641145,0.012464351905288775,0.01898078891960578,0.005010914977641674,0.0036001440318556136,0.011243531551093342,0.0006031463573090592,0.010524985392704961,0.019075946919440027,0.015427682266014245,0.015354857404317558,0.017350435834113144,0.030864715311734774,0.0034179383219739732,0.008035131832965732,0.00018698839489690014,0.019396439835820335
14,0.01088181429936052,0.011313527062861687,0.020956890554027212,0.012292695783300799,0.018818393338349573,0.034669930263413695,0.004963291878110368,0.01631508241847705,0.012863872866725867,0.01427542075782929,0.022288248740828777,0.012478933993827178,0.007514202106646913,0.0056879211798518525,0.0037968707727733886,0.002615466389803588,0.0025873945931421593,0.012757446222337892,0.021299685576684258,0.00867906176780252,0.011269993487838583,0.02054683529002362,0.006104116044795218,0.0037401812069853303,0.0010018734430927646,0.0023978282981406258,0.015517311688070622
15,0.008774905197110936,0.01558546201598855,0.01787759961249135,0.006787749446294292,0.0038055137207683707,0.06073100601052325,0.0008698145322123646,0.013740441657336898,0.011827933423067727,0.009320748639638752,0.021860810423221858,0.012736939082466665,0.014345598092150068,0.0006022546423810667,0.009498092925240394,0.0013174347577709885,0.004048484334545401,0.012462940479092117,0.010878240235783005,0.013662931937600813,0.014319465005587267,0.024224814540820098,0.011907877853170986,0.006068139233206531,0.002745031806322007,0.009603226285983545,0.013559169803053385
16,0.009490365666609617,0.009303909228783814,0.027208014735460036,0.02897058460145037,0.0008781505905247923,0.007677447316695764,0.0209797223521328,0.0137090775364929,0.013106421085722107,0.008256100068430687,0.023185791626845333,0.006206342349823956,0.004185907508249317,0.008636093673033555,0.00485461981906656,0.013310488308503749,0.00588377561152753,0.011590483760362683,0.01602110812740961,0.01169617971628188,0.01144140575218258,0.00947745081425827,0.0032719645584805062,0.03686562051414861,0.0008337173781957447,0.00609124984048514,0.015565901922913945
17,0.0108865724067936,0.010399755828700851,0.01738162924627583,0.013107088261174307,0.0041979867825896605,0.01934972222624927,0.008984265293439805,0.019857591024811227,0.012853866592238802,0.005183177738634052,0.01430074620836065,0.011993379868226364,0.008067553618439841,0.0032237947307745046,0.002059283452659211,0.0007695447254353308,0.003781089153585282,0.008420763074719352,0.01453202788475385,0.0059200244292809245,0.007168181222992943,0.03628850105842675,0.006926760498274792,0.005952143010571975,0.0034930749276440337,0.000627973929310464,0.017464750193019643
18,0.010612499883164251,0.014436102228132287,0.01758667621614788,0.006835797465787959,0.01351213600750543,0.026782825878773328,0.0011907096950186805,0.005706947306035599,0.012071844544627952,0.006028553733886493,0.010449629169895395,0.011842669805122889,0.008919322581562611,0.025003775110019784,0.019136222692384436,0.008185159301144378,0.011264839882402502,0.008710734023445778,0.008651977375124154,0.013814251665373992,0.04469327267276884,0.005194212065311956,0.0071634538471128,0.01687434087326469,0.0071120008719932175,0.004837991590838391,0.015769928043395328
19,0.015052716935160337,0.011767421534659152,0.009359049868264647,0.01860046231963018,0.01818442339420231,0.004072472842587698,0.0055300592491252425,0.048853056293925626,0.012474019565265684,0.011231246379986367,0.03466701518659927,0.007514571166423373,0.0059452394230942104,0.0008747586649440987,0.009867980228876883,4.310821290440464e-05,0.0570446268056289,0.01625407525293567,0.022977570515009236,0.012470705751107944,0.02943728836569082,0.010497565004029489,0.002467254585700184,0.04052824524415927,0.004001632846795016,0.010993183837108223,0.02097181874799178
20,0.021216330877234027,0.013604586981732019,0.022952911418494877,0.01119191485799187,0.02056292001978973,0.031084453449059624,0.009350494661736722,0.007810253038404496,0.015538858443855184,0.010725505096485805,0.02130426250536481,0.014242165858005059,0.0029036458782069363,0.029449609755797093,0.0012782670039818164,0.001352128196737251,0.03185057467074784,0.013001316051864933,0.020060467408912885,0.008417774460558776,0.006712264958554375,0.012269396520246806,0.04215254777564795,0.04452540871437325,0.005861372837268343,0.0028954512055036088,0.017578943503849004
21,0.02455278903430329,0.005886012146180169,0.007788875166874957,0.0502698948889209,0.006968243117965716,0.05085391819383332,0.022024657083772478,0.022726482084302498,0.01933868811191896,0.011162958635510787,0.01298341112574826,0.007261075885044994,0.010691765151473107,0.007556342183332292,0.010910703358514318,0.010886859531603656,0.0011898149257656364,0.010344836622813568,0.027073967798598848,0.014980870828824768,0.006721818755219071,0.014368868873270855,0.004576757210471961,0.016548066504979808,0.011994973261071896,0.0025858130137920996,0.02043439985221606
22,0.010488723887651354,0.014968127923371244,0.017375652296929556,0.05852725446666618,0.014770313160701744,0.026297434203692294,0.01418242306041238,0.024614108116545602,0.016143313822339057,0.00857394878452899,0.0048455692586549136,0.002527319540092294,0.018200504462180578,0.004483250361982283,0.011103937445076161,0.01038678028678485,0.01543335080255744,0.008004859333460635,0.018036758062639772,0.0076709945138644835,0.029782536169941067,0.006954706124257144,0.0037229658285056347,0.010116354538862274,0.007796656906154599,0.011202932013961218,0.01566768452306944
23,0.014686281087176845,0.011520939038822774,0.032713923049040694,0.010124430349975956,0.0020026086497846466,0.04147255734324419,0.00018474353092942468,0.07043619023173793,0.017221837543937815,0.013336337106309638,0.014533782165091873,0.013444946634484225,0.012221100287758704,0.001624434933694403,0.013980227257446595,0.0007179158720084685,0.0009931807281529004,0.011572207227933904,0.01604673023469924,0.015139936189309406,0.008675879563316068,0.019397874856318734,0.003500773624315013,0.003480149652177245,0.0019490671964061846,0.0016259237643350254,0.011639954592154078
24,0.0118198102652391,0.01750098491664873,0.01580073318791734,0.008032049193752833,0.002110965889458066,0.03232207381752852,0.003786522894501965,0.0007474416987843998,0.014398214061608556,0.0067528898495085865,0.007992267613436337,0.00971594975101304,0.0023692888278287845,0.0012035770477843836,0.01143604559090829,0.0018111120528001273,0.02462913753696636,0.00781785479968258,0.013089450459502482,0.003992218780403369,0.01699550949077284,0.01370953858753895,0.0026490689811481177,0.015418634511309069,0.003951189323823122,0.0222134253580561,0.011661308850882193
25,0.014660770079094887,0.004664835440009578,0.020881160155211232,0.013267379553089273,0.004188299717312753,0.006991830877045872,0.00382329132936194,0.009077044565925625,0.012543893012718937,0.0209721211676569,0.008234529258943295,0.00709739424665506,0.001718270486251266,0.01327953908623327,0.0020082536869227806,0.0021702425159300723,0.013254326059424356,0.011816205395900385,0.016721202459045802,0.009477322264136346,0.011528274088865888,0.018732342661059612,0.010017426943450165,0.005507054056814226,0.013192982744733375,0.0005964271481721638,0.012988009762805099
26,0.011230150239479512,0.012050548365854096,0.018060692614422846,0.005359230465406873,0.00033674609058352274,0.037930129129811904,0.017313030600335892,0.007540044218231185,0.013378181429974427,0.010753674268100597,0.009063994381966655,0.013400332474600412,0.002514553945771436,0.011934616261334284,0.0017862911291934124,0.004665389026775463,0.0098846863614976,0.009591492540881251,0.023527996891017786,0.013259059717266902,0.008948440496839728,0.024123352880226073,0.017728339572746034,0.0048479310357193005,0.005808621912201273,0.001984367052675225,0.017901068479803984
27,0.01752106411631815,0.008980836343812163,0.015560721162878044,0.013955449841116,0.018699001652198302,0.041187318896898056,0.0007646518000331162,0.013261134648999999,0.014375773013298695,0.013679109299353164,0.004398798093580185,0.012408054780679977,0.006146118612619757,0.002390127149197145,0.0065588730486923225,0.003927517410851284,0.011601600926289984,0.007910079903865129,0.02035650109700467,0.006750720859343386,0.01589289534952921,0.021826933182004616,0.0017442617858699815,0.018609165587772238,0.016537075835554714,0.0011260439941832411,0.013462344810964236
28,0.011072611545377224,0.004249858748871201,0.017638761939434675,0.0058848973573538245,0.010739000198595486,0.023614821132325613,0.009058754755350727,0.020333778068254253,0.010130514516933212,0.005299955888749586,0.008774351717643514,0.0073389590215578015,0.006809483468674552,0.03639990521320184,0.005112101990278832,0.0006883714592184045,0.0453348114232729,0.00855630764868084,0.012161080833024893,0.006712660742741923,0.012360680030583628,0.013555546785013667,0.011617060316801533,0.008547678589938266,0.015013815808525673,8.5903220023201e-05,0.011787807309347958
29,0.0092433079452681,0.004615927817160327,0.015692324576670157,0.016649073486437044,0.000692745867283478,0.02212938420889729,0.013106779605055222,0.014501791654858227,0.008620976391801425,0.007888231219929013,0.009988525634021443,0.013394783164069626,0.007900651576845245,0.0016102753564667548,0.023266777057509715,0.0017164083902534326,0.007406996501211408,0.00837405170310507,0.022062279771603577,0.004869992600433423,0.006632535270155314,0.02890810706910671,0.00014890758551613028,0.002927486499052265,0.0001499914210069739,0.0006465043596025001,0.013278555048199008
30,0.0071994166232749205,0.002531816827149018,0.015117768952092379,0.003775451872248027,0.0001297867841955207,0.03433628732931311,6.0346630828344674e-05,1.0890495005624997e-05,0.0071556024730898265,0.010733913066709342,0.009947387324225301,0.027224573209782325,0.008123197983467277,0.0019597036312721324,3.8999377015810604e-05,0.002274075008492706,0.0007190168739600998,0.009710205495500893,0.015183189696979455,0.006522250228589888,0.012212507966380265,0.027570100779479,0.0033329786272593832,0.015582694711087268,0.002082113173513622,0.0399323286455625,0.013704294556800571
31,0.01435188828415247,0.006865863613054316,0.00819734754764538,0.0035645656515429975,0.01062185700083794,0.00901635660990251,0.00047344989330304875,0.0024266650372608634,0.008816102253980947,0.005332823521457371,0.00898004155281383,0.01193783370991771,0.006582852633800009,0.0036312746076820612,0.004852447059116774,0.00027197010155331205,7.353386638572103e-05,0.006128527090040796,0.010213160033655723,0.0036479936238993614,0.0047201682988914,0.02813193872539122,0.0027920842035107554,0.006706856032899854,0.0036128479649262463,0.04299088452235949,0.011021066565898519
32,0.015886081978475318,0.00438148783684451,0.006075522662493138,0.0007207346085465685,0.009133216946901042,0.025147306701276767,0.012390670583430649,0.003946735611302501,0.010364337671185681,0.0046105785692959695,0.008938393176613713,0.015626620607014332,0.0027949559453501957,0.003669269005208845,0.008268884513886706,0.0002458953282541101,0.00018058785313680383,0.00651093092261128,0.019973275259129657,0.004210306210369433,0.030527045331962453,0.04371049068849853,0.0057194966836510526,0.007261208007342764,0.0009211811324752746,0.008628175899600625,0.016428547026513772
33,0.021719350483345827,0.003832624622459109,0.0149472122347039,0.02108988661650684,0.0011945596430887706,0.017621217890686658,0.0009981300673949061,0.00010245832550889999,0.013305379683631144,0.010458099764632122,0.00948540644625113,0.007808390696606447,0.010652085508665591,0.0001286360098405127,0.0012973709354556504,0.006963551618452449,0.0004776254643667359,0.008227495614349777,0.014670016992891818,0.002008290227259048,0.017718191948132,0.015150351853376329,0.0005771671888032246,0.00020961844638315595,0.005162424554942124,0.014021751772056482,0.009375591314053928
34,0.016579625659307814,0.004588722991461998,0.030436208158074116,0.0021896108719753195,0.004706874299518097,0.01994077856952657,0.0025832859574713013,0.00043713338283022545,0.013059123968967202,0.015347137291151947,0.006421711127533591,0.004661908934753579,0.0010395223811820455,0.0018221600607923306,0.003442908351006867,0.003411726560076488,0.0010119042838562492,0.00935068031460422,0.014672249742439691,0.0031806464167962287,0.03439400799523033,0.02512554693733518,0.004595936432205464,0.007148900329175036,3.5831304174637975e-05,0.029132381649959446,0.011720858182927908
35,0.009361377077890507,0.0039796714864726215,0.014862047205223328,0.014922267557152577,0.0004918403203080168,0.05204244676674981,0.0044694474530285605,0.0001806167466331291,0.010378445421472877,0.008998863739862658,0.00965833640101016,0.008040693111697484,0.009185966085707866,0.00048232847478951214,0.010613318831689676,0.003918488382851798,0.0008911992410616128,0.007314901885056473,0.011954683140658765,0.007418864404037214,0.00888577979674994,0.010647111993222092,0.00024444083548834865,0.00204064739012547,0.007163849648268242,0.018518483548543227,0.008707887991579679
36,0.007602826296737858,0.004716927488303614,0.006807142266496225,0.003920986145206759,0.0007770458243307741,0.03314775166386538,0.00048232769013620866,0.003885933822230725,0.00681733313053452,0.005971683489237751,0.006058566658898948,0.020117969758061252,0.010158797790768503,0.000702397756005209,0.005539526389992116,0.004257770685719918,0.0006227949982513211,0.008414305167781706,0.01784671384123315,0.004669515944437121,0.013502255446294097,0.0157383889497742,0.0002816777992158887,0.004567650878478368,0.012789525647881451,0.00016883796525776895,0.011718299314032243
37,0.006110699128355608,0.0028058931379185263,0.005203637689850412,0.010944482739323174,0.004729664923066669,0.03554502982527294,0.003891464703623955,0.009263127936071026,0.006854052731599669,0.006078109078402078,0.006044256981652897,0.010629257525174358,0.001706336074668607,0.0003701324382653779,0.0012948299333153167,0.01165335593755257,0.0052347704174453965,0.005743408334313567,0.012292658211061647,0.002554034021706439,0.006735592283509595,0.011512949830198344,0.0013882650537960647,0.00020179584226161974,7.758227715938006e-06,0.0021066084120224156,0.0074555333676447205
38,0.009074407790040484,0.0038255526809310952,0.013549204099365539,0.008023972958544418,0.0043783322116735125,0.03221033700599087,0.010179100768563014,0.0050187944079025,0.008225131596128048,0.004912187003169725,0.003858219803910609,0.0034591910095188375,0.004861135153438306,0.004196214830767363,0.016833322396512692,0.0012557429493440606,0.0015531409273882816,0.0045161561780451545,0.012207965593278282,0.002146805051781202,0.01490035365344371,0.011121675099711252,0.000308374626136242,0.010299598619861133,0.001558211899647002,0.008037597472717201,0.008441731604599193
39,0.012764561342685523,0.009077851119158436,0.01319320506172924,0.0019476704683110875,0.0014842728100688829,0.02211588888441878,0.00010289912150121799,0.01757131185408062,0.00963888593652285,0.010139398541265204,0.003217276318826057,0.007442709532434325,0.0018727197784860847,0.008175885234182839,0.0006409147992204665,0.0049570085700086,0.003029779846686096,0.006531701589234197,0.019070758050321043,0.0030788516332137883,0.004600235209791881,0.027941188271804328,0.00022559072882569268,0.00061903233181704,0.0010264400539796614,0.00010043439071641593,0.010974955563136952
40,0.014667836099105158,0.008734235742459292,0.01383806700547111,0.006758853838919261,0.0033107280893349337,0.033342163641044344,0.007588426765861163,0.0294036859135009,0.0121192814235112,0.008183224817766127,0.002796417004583347,0.006829235082186387,0.008882064173536184,0.0003679095158282665,5.6669331031101784e-05,0.00520122109974808,0.004928793555604689,0.00549597932466038,0.011768251874108338,0.0015368435037311566,0.01106063873539115,0.026110893301658642,0.0005620227413880505,0.007166858773649554,0.002438508479517955,0.003646324071040001,0.009437815260361625
41,0.009772964033652074,0.007511870393675797,0.003687280480909049,0.005879002145337979,0.0028448635122926523,0.017784584925326013,0.004835776574728806,0.043336264390849595,0.009297155862685386,0.011584201283918048,0.004409317670948761,0.017375987567278664,0.005256269413709182,0.0005171542195826248,0.016225349836919704,0.012824852573448753,0.005185883979138724,0.00940229384000123,0.013612289850459354,0.0018038385879774446,0.010374232557844757,0.04228453241399398,0.000710239994592579,0.010884731934671163,0.002472842992006051,0.0021701724737121,0.011756742625131093
42,0.008606480196223924,0.01426137545517147,0.007782945237682189,0.024184350930293853,0.003186535544200432,0.0088828096949083,0.0006065912598914119,0.007299071048029201,0.009749385187285237,0.011699562674438321,0.002787540448718613,0.006405838469005387,0.011096694207788246,0.0003146310739589838,0.006471532502552133,0.005269536292585992,9.906240806010012e-07,0.006859134853897929,0.019417791359112008,0.0017072707334426468,0.009872417170226282,0.008341898603250403,0.0022933386380570644,0.003910369857542819,0.0054341543813235475,0.021977006676180723,0.009882630018201496
43,0.010968390167360896,0.007039784606219665,0.005371606267162811,0.016548453427419403,0.0032137938637608497,0.010239936294833505,0.002798751319328744,0.005062954900949136,0.009145063692801417,0.010354212536568857,0.0019151753681801438,0.004850639032179474,0.004560266526244956,0.002325321159126201,0.0032282475688388238,0.0013137668433416425,0.011473603515848464,0.0056157234500694595,0.010333341586835269,0.0031235640312473286,0.008177372974561992,0.01016535851857528,0.002355548909791448,0.002580664849297132,0.0017917928837826221,0.0020378272492899995,0.007523062134017431
44,0.005449339575238549,0.01184913965027727,0.014885413542350439,0.01134847214918143,0.0002974261489001894,0.0040156627150560315,0.008407909784118801,0.0023268699127696,0.008987049375807637,0.008120242489433974,0.000998744546105815,0.00206022240184429,0.008206652607889811,0.00037592891592899474,0.0028072553059159846,0.009943007580324898,0.010516734879583687,0.004697717401205764,0.012095258650962266,0.0033901761006953704,0.01163559631749279,0.020844716410336944,0.00028887973894797114,0.0009269913910641005,0.0036684226562594064,0.003956676826298642,0.00780402906586597
45,0.009229920744911219,0.011484872246290165,0.00584924485928369,0.024233908882380736,0.003367363046050613,0.04070678797853325,0.0067378869354485045,0.0013608836834846489,0.012235482348549393,0.006172021226767417,0.003377526390173464,0.0032889989850352227,0.0050153326737899405,0.0017225429654711042,0.0020118613122748126,0.005726566919632685,0.00010742368941160012,0.004141165795454332,0.01669954530563857,0.001481827877032918,0.008253361503505748,0.017684753134027332,0.0007023575305907411,0.0030956818157304735,0.014954532550415749,0.0005236200187350248,0.009178251010457335
46,0.005137530655554027,0.014361358546938858,0.0176435871286935,0.013521366569734801,0.003068066736288965,0.004187524955994532,0.002552427983149982,0.007284102215690305,0.00957038365378739,0.006098307174542766,0.000968814786465907,0.015264210188331424,0.0030641540197805074,0.0052915107327421215,0.002315587746749483,0.017289863291453246,0.001125220263755809,0.005547901740231078,0.01258732250252669,0.0013362664614438927,0.006125144405564307,0.011096353256133252,0.0008231639966292685,0.0006613223421319974,0.005857518720240232,0.01572882711040779,0.007982620816825636
47,0.005919433864189353,0.017628515943280555,0.00410424307065518,0.012388069594858268,0.00936163459713762,0.024667567110125473,0.005383431913690358,0.0002642172226576002,0.01396961885479731,0.007096823593041206,0.0008930731433207603,0.0025903172041173614,0.0017078344593190354,0.0021428075861417402,0.01258493558069054,0.013760012454237344,0.0004204254983184,0.0047656845026518915,0.009476037957254983,0.0032161499026876574,0.005428871203481347,0.008217695626278252,0.0015581684738979777,0.0007047727309752125,0.01025702640584216,0.010340378365897802,0.0070969803558394605
48,0.005713952619548247,0.01566160865823748,0.0024473044792355774,0.002623016906949197,0.011095254711063419,0.0032411015013691967,0.00024735240466220414,0.000713159909142916,0.00969512209180652,0.004924746873294859,0.0024258351191797796,0.004000751707383163,0.00339272644077787,0.00013605123103740003,0.00017656196424289082,0.0013704266857667115,0.0009997877211364006,0.0037861582411552385,0.01039140790267085,0.0011094908796372123,0.006634433276054836,0.008352137129580385,0.0018553381892218136,0.0042108560419817035,0.009014579751350432,0.03577268183005562,0.007977489613832876
49,0.007189136829209507,0.014481777841219394,0.002819024690986609,0.0163232098934296,0.012542090840827,0.009810074796777457,0.006869960409183926,0.00014401349791629377,0.010931732150154295,0.004882352087059913,0.0013350521185811358,0.006495997810273166,0.003516031721912529,0.0018381486798232666,0.0021766950571369577,0.014846435588471034,0.0011988866085033644,0.003882279604725568,0.007994413071547052,0.001302981403619296,0.0015085967756353186,0.008988838589528024,0.002206115747247866,0.001141075136372834,0.005740520384027505,0.003440285029447249,0.005066051716793636
50,0.008707756565050092,0.0198175548616934,0.005217714791588782,0.007211084019282122,0.004089661524780741,0.001362274670411606,0.0042177109496198024,0.005242871833351684,0.012125021720715537,0.00577164312962348,0.0019778732630915583,0.005148032407802806,0.005135621699871303,0.0005331534306938425,0.0006716146634408578,0.012620252709965604,0.010468181197656901,0.004775894902968335,0.013591127401967773,0.0018116996769174957,0.0025194060964508942,0.0018996700174210058,0.0021104655846927163,0.0016658085210837807,0.008997385882248002,0.012082841687120401,0.006825891337723504
51,0.0021416884334076584,0.01937044854861246,0.007398562495734284,0.007493981187037744,0.0029509390397514925,0.007060676506960518,0.009368708833681226,5.307355622560029e-07,0.012573064161610662,0.003402440787173474,0.0007763625430888437,0.004818088625738153,0.0011069038952366084,0.0007797947390259226,0.0002080387378644846,0.005386383383552318,0.0003764421052774564,0.003227230116676748,0.0056444598159124905,0.0009232189322505273,0.0038153877679578544,0.0006083118208500806,0.0035231932257268456,0.007464035118133137,0.0030104319488742726,0.000513151930262449,0.003533283467889384
52,0.0023816397062671134,0.0201640428922911,0.005847445805243736,0.0042051118002181375,0.0032172353791770857,0.006133813783503513,0.0034760479210540003,0.00017342764427124899,0.013660555208938328,0.001986584886800266,0.0017953086777999813,0.002424415661011766,0.006388732663524523,0.001473252450988928,0.0009083157634993305,0.008955110378375281,2.5735378506250026e-06,0.0034406618273169253,0.004904260543645794,0.0011716255984667715,0.0022741190553010656,0.005578155865790829,0.0043415018229088125,0.003089297795357373,0.0016386153894601464,0.004964187721688064,0.0035094192590869166
53,0.0019051933936771962,0.02181981237658494,0.0035120085062296975,0.0035148695001123377,0.006465567004677509,0.0023794809051010425,0.0037704255034131484,0.007143505310947601,0.014566637828337564,0.0031514226737731563,0.002561155083643225,0.00323108560803477,0.002700659300351209,0.0013645988865460608,4.217899861686658e-05,0.010218381704819614,0.0006774802094024997,0.003479655325607683,0.006460521459699872,0.00152401534899757,0.003506818917322545,0.0006943625406106578,0.0006273053128972824,0.004079569015120145,0.0038962038776443227,0.0005296139560356493,0.003416059267812456
54,0.0014590143470956454,0.020832191224323515,0.0125448033880207,0.005674989792568337,0.007918782062128201,0.003264885332504992,0.00761152703281219,0.004182612838573129,0.013482212693303313,0.003701237934594525,0.0009758834154713858,0.001715114999305448,0.007055342968045088,0.0012444683198420531,0.00010404023541893084,0.00598430770733928,0.0007694737575720998,0.0032645665762578175,0.006449659099899228,0.001054473341930076,0.008163832374243389,0.0023930422168972,0.00024661417270326676,0.0035986189753869652,0.006239601646797252,0.000596645694974224,0.004117361150567097
55,0.0024370031567506347,0.02127496126766691,0.013482374355809179,0.012831565363821795,0.003945084771928075,0.0012471378427529125,0.0018667192175902537,0.0014509935312642815,0.015624581762219158,0.001803052996977406,0.0013373050795043606,0.0028862368054247793,0.0010289297553732499,0.002983364872917363,0.0006278844077963709,0.004431323780974891,0.00013750151501881603,0.0028414751605687506,0.005516811547422602,0.002053440150502327,0.0040466602748595185,0.003124839394563545,0.00044041540448719996,0.004943252503590881,0.0022128927282228485,0.0005976000955854603,0.004356756321498965
56,0.0030002367205795703,0.015772930832772515,0.011006837993060044,0.011652952223420528,0.005250735070371103,0.007298871597534564,0.000991970507025848,0.00416893919938633,0.014446858423596885,0.002430717169536779,0.0011568569243243772,0.0025289824094694904,0.0007691830874267014,0.0015988761671703498,0.001021031079087656,0.0037820803889580487,4.3502598922500113e-07,0.0025199489122425442,0.0056071215204930224,0.001100870000821444,0.005155260564957173,0.0046511571834380785,0.00019258649469581677,0.0034381345393267302,0.0006824623246810459,0.00017391028812502503,0.004289641695140035
57,0.0017046217151157053,0.020405225198640093,0.018771295117652204,0.003144944466600986,0.0009103951454857996,0.006603762471518445,0.003386543356274658,0.0008538288541225002,0.015485307932301842,0.002691692586871749,0.0030388738057963876,0.002259155644798092,0.0006922451005382457,0.000546871562384082,0.0003578001014701998,0.006825653119323939,0.00042551083599139615,0.0030085910961019898,0.005655606365248196,0.0008758736152096014,0.001993780751902338,0.00036371484378489385,0.0007939752426961998,0.005962511670567865,0.0008748330427901146,0.002038478524137169,0.003079272132202403
58,0.0029105290977324873,0.021488928018415246,0.017593004024466733,0.002161005871225107,0.0044166756339468665,0.004485648314545783,0.007089982034591817,0.001280239528789225,0.017777810761023173,0.0019730295864221906,0.0030118330504853704,0.00243856284060501,0.002693685485668776,0.0033887635757792987,0.0027025663332334504,0.010205682933470624,0.0001394165839503999,0.003866757425243872,0.0070037028942821255,0.001645808147911596,0.002540027858627646,0.0007187973057179286,0.0007743472637473204,0.003743692519992851,0.0017106715290574606,0.0005470426546572491,0.0034481358071173735
59,0.0025267427306756053,0.014336132168252283,0.019188986169511146,0.0038976133623342332,0.0020109026853402006,0.0008074401176613782,0.008205327139729324,0.0002103828409764001,0.017577036770331463,0.0033108005788346113,0.002952655336035899,0.0022304537323592057,0.0011182259608231667,0.0004519259516376326,0.00034886382637319257,0.004574950626425933,6.831427690000055e-06,0.003532225525450928,0.004505174824387229,0.002339429788653241,0.007487283789928953,0.002252344078539576,0.0009538816297535327,0.007818026882573586,0.0020576032518042123,0.0007320664759525289,0.004173998529580185
60,0.001668168090301569,0.020685609656871252,0.010556617542952574,0.008721067991049405,0.0026239649529034106,0.0036157517197811925,0.007507416807896858,0.0007841302054056247,0.016396068856584865,0.0013285226207372055,0.003242160439464135,0.00027196087740469894,0.0030425074528581805,0.00031430104649847804,0.00017653523235541666,0.006254431822063633,0.000695872427807236,0.0034247994111028667,0.007075290028118063,0.0018152267462207595,0.0054984927648557775,0.004728135798225488,0.0006319728189078,0.002634108738807501,0.002629194079286721,0.002630141173149604,0.004288475767925312
61,0.003426086793230988,0.02355165979870721,0.01599869565032333,0.0066974291883323215,0.004693714225319257,0.00297884845394709,0.00632335102820173,0.0021513633009496817,0.02000631537865472,0.000824428405554201,0.0023011214709338836,0.0034335692019926783,0.001032872998639283,0.002471485013516141,7.788491356773801e-05,0.010852178781912133,0.000475945578895329,0.0037327037566517534,0.005714239345249797,0.0012642885670560028,0.005741331869408672,0.00442524243865305,0.0003428957549225167,0.0038845545513146117,0.004470915439952925,8.142528477121591e-05,0.004016017809798806
62,0.0024422514059246037,0.019470545478441154,0.011801604041459874,0.004644588761290849,0.0017114109069108667,0.002452086536378029,0.008833855847498115,9.728658065281593e-05,0.02006828069426039,0.0011969952154386606,0.0020123506753108866,0.001509460490699775,0.0011655458102181127,0.0008554111774434351,3.11535190879407e-05,0.005852469014496373,0.0003622273013528999,0.003481342621711123,0.0041718974743356054,0.0018992326393211247,0.0031367755946185997,0.0026178161390976768,0.0002940475762634001,0.003203619828386936,0.006851767057405445,0.004251222561959999,0.0035161325404437557
63,0.002625848722600925,0.016851098295446613,0.011041425283725316,0.003991049161381948,0.011700133503954832,0.009968689514565431,0.005664450135990201,0.0006135484414081003,0.020766592802230983,0.0010756809963972437,0.0023845163745272297,0.0020263802979847427,0.0007391709841387982,0.0009442366339399253,3.057917925985802e-05,0.003292731919733719,0.00025462760427302496,0.003734894967196355,0.00525482516939207,0.002924378005176724,0.005305934378909019,0.0015299963187511332,0.000923626693475624,0.005288442475453473,0.003509132060840691,0.0013756550443509755,0.0037882899869401605
64,0.003634401860572227,0.022924994210372137,0.01404715757644492,0.009837902975613457,0.009680171053063253,0.005874474460026835,0.014508432258174343,8.621317486102503e-05,0.020070636964751268,0.0012233302250103334,0.0029146972062765683,0.0017976314996151492,0.0010260470784769118,0.0039769097972095924,2.4818491357399354e-07,0.0066885700180783735,4.294655246024991e-06,0.004213841792928489,0.004875762085987541,0.0035408627414952095,0.003667019976148554,0.0014317434910336457,0.0022732872679208167,0.0007206191254807439,0.004053877696670281,0.0001429209251421161,0.003642335297416704
65,0.00130771452726803,0.017879630947853366,0.018692171410634846,0.00845413096408203,0.007952377819950202,0.0031444604032847176,0.00216387813434701,0.0006235101389342249,0.017948151542714938,0.002269169974654022,0.003828696332168754,0.0033787286786790237,0.004369391484963157,0.0008628591802428502,0.0010915499661791406,0.007051484531950968,0.0005955134858910251,0.004722933982803366,0.005678971523013746,0.0012985789520282833,0.005181339213586476,0.002534249045693765,0.0008119586672466499,0.0028378315962111983,0.002440394345066269,0.0006380874545144489,0.0034033552316188706
66,0.0031489513489729773,0.020403526745802474,0.01842022677550916,0.010520778493243075,0.007577829570009928,0.0053048757295954,0.006303264856425015,0.0001647146361744001,0.020857140688535003,0.00122723273638929,0.0021129085209887046,0.0025932090040433715,5.024183798560533e-05,0.0009284119688258059,0.001482586453114586,0.00433145862877477,0.001350576612036864,0.003473221973522486,0.0029521772427342765,0.0015757091228585326,0.011296338808493695,0.004951311467707448,0.0007484071778122665,0.0029976078757395254,0.002459026791789211,0.0005915484959328997,0.003979681386459409
67,0.0016594593768083062,0.01958118723250982,0.015161269409800286,0.007314172561833099,0.003847240764272266,0.015083920501678217,0.010623456986900847,0.00022821570837609973,0.017975412932017185,0.00224730661212754,0.0028110347421475557,0.0019675544641507277,0.0027036722567142426,0.003284398029957419,0.0030427857133443455,0.002997014037522449,1.7167349222500032e-05,0.003880906854289789,0.005073546066238883,0.0015256666353632095,0.010809415816948992,0.0021046205533472645,0.00021349654445646673,3.2528502155744034e-05,0.0052944258418477375,1.7533087686009017e-05,0.004391858026027271
68,0.0020228297323856776,0.014424219858104048,0.015383237771320004,0.01237880099668974,0.006014576136739867,0.004858967390381918,0.009282173632499873,2.2911606572448985e-05,0.01789904753114055,0.0013155544532492292,0.0021490997152437104,0.0028456155304411195,0.002685675474561401,0.00021833527071893067,0.0004654408657411287,0.006609194888960384,0.0001298717789769001,0.0034820958135312902,0.0041163833302647794,0.001234341513490528,0.005931991674756114,0.00391569647439437,0.000631363706420064,0.0014213807759559144,0.0038694730250908933,0.00023147961051811608,0.003314924180588022
69,0.0013334258920784851,0.015572090999172526,0.01504806332623653,0.008634450178421432,0.002795105873280467,0.005792536579181544,0.006773472797210868,0.00038951905092016886,0.018397413040495747,0.0011055596381576633,0.00186846129024938,0.0022426293398556726,0.00025955067641267456,0.00019382346306289405,0.001680884597363053,0.004141331159563437,0.0002618988752241001,0.0033231798794847193,0.0018197593660139013,0.002273988226399839,0.008002168022064906,0.0014787268598762508,0.000128950000551554,0.0006607624954491163,0.007027628593118333,0.002464278125118016,0.002840510669319769
70,0.0019636635990900094,0.015931350434798403,0.0184631777557458,0.014639013480037275,0.003976947346935516,0.00884543473646917,0.006318920824408066,0.0015142647627380253,0.02005227024819371,0.0019722972169747403,0.0019360211046129192,0.002795397602488661,0.004944320294862274,0.002781173634354642,0.0048247419370483526,0.009281783919086503,0.0002993744299536001,0.004981410216543217,0.004477763692612017,0.0015780611222369952,0.010913242246196758,0.0062526229666430445,0.0005093351365403703,0.0026422182918695945,0.006109362672045847,3.767911974222396e-05,0.004348297331779312
71,0.001804482602879718,0.01518858520653721,0.019702267083675434,0.011271391588603293,0.014810644172811338,0.0042314408756881135,0.0016241945422569503,0.0005325884991386411,0.019268501993859627,0.001547697133593931,0.002553052504288976,0.005535021794930368,0.0025738221058243843,0.0033088684793736406,0.0008871776711911169,0.0028895638639937836,0.004769788441959026,0.005006458098393845,0.005330711556647091,0.0015680333351597612,0.009916852097065446,0.0050195153172460285,0.0021404867497231287,0.003625200086723751,0.009009348093511204,0.0027945575617806247,0.004505373713507552
72,0.00281047345765349,0.015073377536257662,0.010910235456388247,0.011727075548247113,0.004996435002834891,0.0038631996510207975,0.0030088514829145997,0.005168139749550624,0.01864433758967491,0.0016622812323110628,0.0022586434555771687,0.0014262955654292474,0.0004238992020139646,0.0008804418995136985,0.0001692509727222,0.003594337708987422,0.00011377283560922504,0.003608115417911817,0.002210370550061279,0.0016540926317259613,0.010031282966892558,0.0038737441951919496,0.0005302559372406001,0.0038515360002544675,0.006574970758699172,0.00032586026256000003,0.0033573282701791314
73,0.0020827737364248543,0.01672000413753809,0.006917318598812374,0.015331927746473926,0.004637983911099624,0.004816048418606344,0.0029566713878578657,0.00025649511916622477,0.018751598791555316,0.001580923410107424,0.0012296298554920432,0.003545888755741218,0.0033399198511606205,9.725445724854064e-05,0.001449212246717267,0.0023171131387481245,9.272823320250002e-05,0.0036930860164142852,0.0035197803928662323,0.002639220470209045,0.007698341167924052,0.006046886987096996,0.0019920126727784003,0.0016930938765944,0.004154211292901399,0.00023115966989209605,0.0038300030181837945
74,0.0019320591222174173,0.01835940774108373,0.005523205695341257,0.010157181169902574,0.0034734883855216665,0.008343012575706188,7.757379248365067e-05,0.0017671522470001,0.020927447915014392,0.0014145348180219252,0.001939355188153134,0.0010520449478729796,0.0013468666453489804,0.000774381507976876,0.0009381789994932606,0.0025443786554213248,0.00011310969117241596,0.003687261959445892,0.0032073457649856134,0.0024740594059715418,0.0075413261328278955,0.004033980891904121,0.0021281936138006,0.0029449334450666,0.0005287394917383887,0.0003472136576689002,0.0033811922710237836
75,0.0021451902037636864,0.015193972679744013,0.014265110496703724,0.011620701897835838,0.0039058284993804667,0.014592142834829064,0.0019021520421392672,0.008994703558648922,0.020884769359872837,0.0008959667455707575,0.0036473820728638645,0.002847490874569425,0.0030892745404295166,0.0008205727940115488,0.0031935337882621137,0.005370867238475653,0.00022544572052249988,0.004751779175046712,0.003290147084333133,0.0017349469812818717,0.009108683685143655,0.006365001129089614,0.0014023629699235264,0.001205020348074961,0.003698632945733299,0.001043342003648025,0.0035751520477819237
76,0.0023163467525144513,0.016355635871183362,0.01532190061465636,0.012084156676994676,0.002843710316007801,0.011542112403279847,0.0032060836647014005,0.0007919248861455999,0.0230909005872798,0.0010183308370422522,0.004375145814911901,0.0020793672606636755,0.0007000736653129521,0.0029523543839952114,0.001961408284520084,0.004788120645022992,6.563741520400028e-06,0.004641842425607319,0.0034052168935840526,0.002218422002197737,0.010390926784386113,0.0023524895503531955,0.0016067367396765302,0.0017927565062332666,0.003430268015879017,4.097070149889609e-05,0.0037038046619790295
77,0.0025368925749687395,0.019473666978721882,0.015978573002484835,0.013345806084108383,0.0024676325476700664,0.02082776420366281,0.0012058869351480662,0.006160007459061223,0.02480847580878404,0.001716630067358622,0.0034312567927932856,0.0015162855851914598,0.007847665351790881,0.0018497649373516727,0.0034891671051492136,0.00403481076759099,0.0028609765206814098,0.006554821213314264,0.003254049282590658,0.0029947644615330735,0.005198310590916211,0.002630112617523821,0.0016681125556488163,0.002152511890094467,0.009324199250472573,0.0014151398805390249,0.0034780703953751187
78,0.0009576833451146356,0.02544348878470391,0.017731825387751844,0.014754708107412074,0.0025944874920567447,0.010170136683081817,0.0019915115914392665,0.0004105032583744004,0.026299379693523205,0.0008088818883534637,0.0034800558887972087,0.002597700304074929,0.003922792295363825,0.0016870908701823565,0.002665519357871328,0.006188919785474292,0.00036488831420250034,0.005428115511882243,0.001952638318847467,0.003594434749980039,0.0053055344453380015,0.0045412923193948185,0.00042818081769045263,0.0011746001470302164,0.006154343666129162,0.00025965100541610003,0.003659296476903051
79,0.0023490504372420916,0.02146609102101883,0.019247541238653278,0.018315411408538887,0.009783154592442469,0.030775754650423103,0.003783416703181801,0.005473771938683135,0.02890209553404747,0.001850341224486285,0.003500924764856169,0.00430113665768901,0.0016538029916096683,0.0012993047838201696,0.0008404917640859839,0.006225847263671053,0.00011853824417572888,0.004848885279603329,0.003461812814310649,0.0029355132256367266,0.009478573505742296,0.0026239815631722936,0.00019281416874845063,0.0019781430382534103,0.011609281188901994,0.00045127864462239984,0.004819962477385768
80,0.0012930228736202712,0.020246387870938118,0.01609515624555259,0.019614701572424294,0.004532954844573865,0.023545531030172935,0.001487562411028267,0.001146087560827225,0.02652990784768955,0.0012076707833895484,0.001262647013326941,0.0048200542912967504,0.002039520488100646,0.0014596973390908828,0.00030407955393859406,0.0065088559376485925,0.0060269423112914566,0.004469648704177371,0.0016142837829270435,0.002176200149911359,0.004976699648602932,0.005296479572161808,0.0014071155628598106,0.0008282601084285499,0.00356315096685461,1.2629920899599945e-05,0.0032650241350517333
81,0.0011826156818876656,0.020815505844481306,0.016639262076769898,0.015720129679901475,0.009276081997335865,0.021611995105201558,0.0052338037647952675,0.0004412929986506249,0.027939929144699772,0.00163745668254764,0.003367870324992538,0.0023535768432593335,0.004927055937711546,0.003874234295376861,0.0006860400914594238,0.005455539448945201,6.232562180100037e-06,0.005605405836201626,0.0035434094603115454,0.002459084749040654,0.011393611438016668,0.007432267153265299,0.0011023844301365285,9.677842294281667e-05,0.008062790908298161,0.0010558083711720248,0.004656703290769325
82,0.00256084594586018,0.02081807874312858,0.007912800764399725,0.029638986596612203,0.009298767901665518,0.01824862043574805,0.0007380027566282004,0.0036419180370696365,0.028344972510633417,0.002339670539960737,0.004534639020306854,0.003605629072838887,0.006205170990807227,0.004256531011033621,0.001227335460549067,0.004062934242788288,0.008446703645402499,0.006598942241036673,0.002622967943688915,0.0023791628877849608,0.00968224639099578,0.007266247768712515,0.001483577740727092,0.0025566581437208007,0.00805319248462177,0.00018064300812249971,0.00480803034624291
83,0.0029440559666558557,0.020454171902548134,0.009863540797837354,0.022163685624169753,0.0026074919848902162,0.032767747550306606,0.0009587084141701995,0.0033242904423555998,0.03067683059591655,0.002390333959390356,0.0034708316077767675,0.006119416349331771,0.006518945534900683,0.0002493756509899807,0.0013727968068095707,0.004590808271681513,0.0018811520700625002,0.006727297035738024,0.002438241400068796,0.002091841731931476,0.004941589977327785,0.004527200763662178,8.599436819200674e-06,0.0012649221344141308,0.00848713780614238,0.0011986378758224996,0.004188719082641213
84,0.0025826203315476577,0.02201786192862657,0.013492772949761901,0.015257115091767833,0.005650720900076868,0.019790575302151683,0.0011815807807440668,0.005451498245084644,0.02833284843081193,0.0020036594560916415,0.0020452206501224007,0.00476315923036618,0.0012326581710592672,0.002203169541210654,0.00022138848395626695,0.004618740640250458,0.0004284308000449,0.005640143086395945,0.0028979910962299966,0.002884592626978276,0.00718678289627494,0.006642752723380007,0.00043658589250640024,0.0005173369014719706,0.01045064126775093,0.000556726384502499,0.004909295281726327
85,0.003463508760520654,0.01768438020466175,0.009996825221734163,0.01837488888885041,0.005945541279345269,0.020020343147666857,0.00013524214020540018,0.010735417947107046,0.027085121104887817,0.003148298032029131,0.0031943595296466815,0.0022137213732306535,0.005361771449099368,0.0019944318270783646,0.00046055384400671645,0.0071976136257981375,0.0005476044609024995,0.00592980788348852,0.0024284232031962635,0.0012780183719549542,0.009134696171129438,0.003269844047804741,0.0020966921682303652,0.00016738609221713416,0.009982820889421798,0.0003229464179041,0.0035627810603682014
86,0.005248271319267377,0.022819458138297142,0.01083562378357772,0.03065439236640182,0.003915260070695467,0.027197483471933494,0.0005724311421368665,0.007624133276936089,0.029021690153724473,0.0028313422057142375,0.0026932681779479333,0.0020203263168005734,0.003873497172717568,0.00038964312767981465,0.002303569995563941,0.0010664671088591385,0.00023009580025028104,0.004780924723889629,0.0024549399709378173,0.0019673139064998557,0.008779055735976229,0.00394538242832646,0.0012130500846614,0.0010279940533020244,0.008843948601760417,0.00017526847320999996,0.004606516440422884
87,0.004381192060304656,0.018677624764155402,0.008594704353666285,0.022968768839440816,0.005497633487432601,0.03964689822453049,1.7123301256266706e-05,0.0031746643661056005,0.028137432532883533,0.0010489477414408136,0.0034428358420169687,0.00284776066048075,0.005732758393537029,0.00042682064980880004,0.0020494365046882165,0.0013805112338401019,0.00021498831975040017,0.005119041027413783,0.001956558344876523,0.002020316936077148,0.007411589872228539,0.0044940175908993775,0.0021734477658442667,0.0010750012909483504,0.005676213831319393,0.0029698107462408974,0.004204925757574964
88,0.0040478771546414325,0.022751488763180314,0.016074777911537063,0.020409555313810463,0.0020555721166680666,0.032757342041194404,0.0013891466345126,0.007152171499942144,0.030643237475117324,0.00254266357635329,0.0026216537174938025,0.0007426796028345288,0.006047709141915072,0.0005665741575347886,0.0018981833338400063,0.0014342176381979925,0.0012885960448804,0.004992361310069105,0.002729762531404905,0.0023732071886348135,0.004955865957461983,0.005334002598693504,0.003594141842807454,0.00026724767173999986,0.011233347450236575,0.0004335090439744006,0.004305341484802256
89,0.004399637315048982,0.020398051798047524,0.01176150989483192,0.024017538147103643,0.002627345129405266,0.02904687277990837,0.0011749441892428669,0.006605174881539528,0.029871290927206574,0.0016834300862416463,0.0034300752575804113,0.0016690660492435215,0.004340009776898916,0.0005415091834550327,0.0016513007001323838,0.0038059082902383527,0.0017471223767796485,0.00557192154797535,0.00285057434442396,0.001677243122978508,0.005405480823359491,0.0028897825488305327,0.0018747467086691549,0.0019139840761794673,0.008681030256494849,0.0003052351421603999,0.003989369799569881
90,0.004055508808860504,0.022907994492207262,0.013986735570953335,0.024692268509226137,0.002263142367545267,0.035559666693213095,0.0004118442349172666,0.01689978888065934,0.03193048156555561,0.002332800003107478,0.003303348320325621,0.005069169066275458,0.0028606745529074413,0.0017723438621510166,0.0024193808512408457,0.001547975791574701,0.00418056864163849,0.005294698128553844,0.002775344685135403,0.001493431006640399,0.0071325992623326095,0.0014005176011739752,0.0003577254827161038,0.000715590712005,0.0056515934626993865,5.408368848099947e-06,0.0031743948480681514
91,0.00542682679721425,0.021780650500030866,0.013595584278296432,0.0294275076232123,0.008582769814142091,0.026436416570553803,0.0010661080442674665,0.004913974950062501,0.031896587996348515,0.0035504711759092324,0.0032966006949408967,0.0005781530399030862,0.0029845336399339176,0.002903299684771734,0.0007104635988471259,0.002634275157387173,0.0030395286028864,0.0053832279222410925,0.0022828178527226827,0.0009704155213000531,0.004062822766432689,0.003086124045566593,0.00018985601293606673,0.00028360179326426696,0.010601089423906954,0.0001621117179360999,0.002783432107519069
92,0.004050131244688711,0.022435766688665513,0.021599112570743543,0.024585324536918314,0.006770736500475268,0.03319881602723247,0.00011290464827646658,0.00876756060437401,0.03056652052604945,0.0025639888600071208,0.0031506048175621655,0.004362829260410086,0.0056748292845595506,0.0010487332917590428,0.0014382590199066962,0.0023719115956993323,0.003814439896367105,0.005490597620694627,0.002211629261789276,0.002486023596345631,0.0025793647422408645,0.004651103139759109,0.001030300439843219,0.0020756149145522663,0.005440777270763152,0.00020236911792250017,0.003222798231934497
93,0.0042799415015909404,0.020678478089654038,0.013563592602889044,0.0271545640342597,0.007130466743146017,0.028741249087224252,0.0002779199210628671,0.012489252442344974,0.02960164482570329,0.003137269676819401,0.0033335626930498983,0.006962582627315467,0.003975693198879885,0.0005074227572652446,0.0005309125897646747,0.001735196940363293,0.005223198331803205,0.006526331988031717,0.0022540112202500263,0.0022856035064615326,0.003251620486000694,0.002206377859866181,0.001270583528271302,5.496990800266694e-06,0.010436777521825317,0.0003855791722689003,0.0032468936917944436
94,0.005951668180417544,0.021369533481127072,0.01063679412302077,0.024879118810233733,0.002979485371405544,0.03053511175211626,0.0007929311644453998,0.0041946192121744,0.0306801273084794,0.003623403800599854,0.0026786211947045185,0.003493978107230739,0.003806604080458487,0.0011079944475202725,0.0004304154970136004,0.004200200522509139,0.0010755008747288998,0.0053721933519819765,0.001924800792496252,0.0016157141065734379,0.0007650362726336601,0.007682455096518344,0.0003778276937244247,0.0007123532308126191,0.0036481794356776507,0.00041064307034889986,0.0025073139722913322
95,0.00362879199244482,0.021009253827625213,0.014057220350772354,0.024050367852153025,0.0061248287832498674,0.05241953588057006,4.3519808833066646e-05,0.019304274276331506,0.03270905044020748,0.003030897149904274,0.0035598149355143514,0.007275832227259419,0.0039004206289063666,0.0013494959181091124,0.007501661860179893,0.005124190559049413,0.005911103325690002,0.007866634317203353,0.0018747962958205527,0.0017621582590913554,0.0017375471215933598,0.0030468206452655454,0.00043404987333421055,0.0006811986695192664,0.006596020218169932,0.0023764367266641,0.0029555078981714526
96,0.004276200662865124,0.019169007048904733,0.014859122524421871,0.02726733696077461,0.00803535147162224,0.0343682382216543,0.0005428309039585999,0.007255281462643601,0.031513081299443996,0.002503945359377641,0.003584026430862665,0.0016332820236542264,0.004596690945448666,0.0007888336625246728,0.0003595798994867707,0.0011987420867486415,7.453240123622499e-05,0.005753673413373097,0.0017561001277862092,0.001934290604899887,0.0010069808740003818,0.003378397703000412,0.0009569061623846429,0.0004669125044886003,0.00660481123794426,0.00012361459360409977,0.0030396465086913577
97,0.0075963680487088825,0.018360605911340176,0.01281037194500261,0.028116410461692404,0.004666763605246068,0.04218132574216853,0.0005788822276608672,0.00858758859819305,0.033890100879565434,0.003417066485380271,0.0026420306328217217,0.006188642411047741,0.003899168670146508,0.0007837084134812646,0.004445106122391955,0.005378197963768411,0.0023132622500682243,0.006035675637671646,0.0034008260672687197,0.0008566136826455431,0.0031011750161142296,0.00607846157881635,0.00015204231813361653,0.002236938544897116,0.0059783751921328515,0.00012353966822559973,0.0037083410411004086
98,0.007644859829289839,0.021481005416331488,0.014415223810273313,0.03253785970902494,0.003387623799566867,0.05558498517335362,0.0002188912631821996,0.007631164731345442,0.03425914633782382,0.002791176846180929,0.004068072525003768,0.006073131371237345,0.004503385342045495,0.0011797839313269288,0.006098334761038719,0.005056933917650059,0.00021219646931122503,0.006504211454776785,0.0020319374643253557,0.0013516293906083291,0.0007368885446995595,0.0037790914780325337,0.00041775706115886665,0.004580023917737316,0.0074229886254912935,8.129626562499998e-06,0.002506921010096143
99,0.0058367336201308245,0.022023576949329025,0.01179577984996438,0.027033963759427782,0.005652582562520465,0.033021501276536365,9.111159923460008e-05,0.005720772123837797,0.03100753511643503,0.004168987776766201,0.0029285141806559777,0.0059398864329032516,0.0038408696595441027,0.0017027757705164663,0.0003196596313572666,0.004015106648614819,8.215131102024981e-06,0.006527865371268175,0.002007754729744951,0.0017510401233202552,0.00066169181254936,0.0005867166556380668,0.0015452763550344501,0.0007241678853218667,0.006757391567538012,3.430257478560002e-05,0.0022657312979604926
100,0.00545230529211371,0.025040138244926523,0.00803618828773827,0.027493272614769783,0.00433562237212055,0.04065618878919496,0.0001382149547308668,0.00989287384740733,0.03295931744017315,0.0033390044033010727,0.00507164798980125,0.003150320902664845,0.004709580868239156,0.0037525711921527786,0.0006892156065380504,0.0011285219217102428,0.000583162319752516,0.007377413062706081,0.0031600234565022367,0.0012468783229849416,0.0006235841492918361,0.0036997995191902023,0.0009327072985281307,0.00034448793458906655,0.00996671129269793,0.002720941637721315,0.002877886006825594
101,0.005525242587114851,0.021877715017005594,0.011884291410166331,0.021854907491436055,0.0073979534539795316,0.050561026390651166,0.0003420202374898667,0.008490846614724098,0.03303495339755392,0.002782325874633473,0.0035894627208621437,0.005314425029696677,0.003630282202152485,0.0007279566267381226,0.0011899881337349046,0.0017612352539382449,0.002208617906524225,0.006339588530998229,0.0019108653518878007,0.0008751663933289552,0.0009608868644063001,0.002758354076365201,0.0007300677698519657,0.002792420055144066,0.004256253435632226,1.1235635841600007e-05,0.0020572295760290264
102,0.006031889891216539,0.021849662000755787,0.012378365289157178,0.02219118698842378,0.0031192896006481995,0.044440813690058964,0.00022244538813326683,0.007524347528542008,0.03162135221374189,0.005712232733698626,0.0021872119584829307,0.0020027651266973285,0.003281664540350815,0.0008448902862049579,0.001964452495684117,0.002348404978007443,0.0006776668983052958,0.005760344453454833,0.0020003742326536265,0.001628965096011402,0.0005423643046339399,0.001945792674344231,0.00010492316382674412,0.0005630583635044665,0.008235676081382334,6.0543960999999724e-05,0.002444664754734559
103,0.005731512588476903,0.02113547182585218,0.019639218787776934,0.02826315317489312,0.004736624172461571,0.043425366482207406,2.831843720026656e-05,0.0012203684261479835,0.033649817843720765,0.004259972788843342,0.003993878614866543,0.00267269960739414,0.001546399299772316,0.0007764184626773807,0.0009586736916938665,0.002611401300019934,0.000772154715179584,0.006375358735250584,0.0018948727493775606,0.0025660275549820193,0.0018717396571967745,0.0029562591877496094,0.0008574825920728207,0.0020500421753250897,0.006527994058156706,0.00022074530624999986,0.00275132018972905
104,0.007259791003369688,0.021214083091609003,0.016822716700388287,0.0236064934989774,0.005223623691006066,0.046861933427177,4.921804240006645e-05,0.005693748285024901,0.032701621926202455,0.0034588466440274544,0.0032343799036398976,0.007721886134947354,0.004946064307312646,0.0022777144544436287,0.0030606822367161748,0.0009611789577896779,0.0015239005635345614,0.0062745534532690946,0.002818347614199282,0.0021268375765037695,0.0024585829720322814,0.002928907053364301,0.0003035644674506,0.002953191757751516,0.007384837006545411,5.282847562239993e-05,0.0033967244811494318
105,0.005768091545040749,0.020866403283804097,0.013957015952065643,0.023163067350806827,0.0010535211681451165,0.04407886142499407,0.0002648061196064667,0.002692012028467609,0.03308057333878483,0.003460141556543828,0.004093067183683244,0.00446469464364414,0.004721903412166454,2.561058490339934e-05,0.0020621019120270908,0.0018159951418698739,0.0034542471918483364,0.006882712261183493,0.0020731578029773794,0.0015613396418157567,0.0007056682448498823,0.003723739056960937,0.00030578444638171666,0.001204975880976467,0.0052204349246194335,5.8599337329000474e-06,0.0025023119350246208
106,0.0037667466973572952,0.023386226793287036,0.017681908059795436,0.029084816865720967,0.005412748810799402,0.0490353902663641,0.0008920470305958008,0.008185947742631757,0.03532648539352337,0.0026852950205633885,0.003984056978997579,0.0052142430259576366,0.005828571819542369,0.0006821453676177788,0.0022878936232073924,0.0010312777682996543,0.001320564565822329,0.006255917396677659,0.0016367891857609251,0.0023518210354722103,0.0022777646281843637,0.00244606500251085,0.00011068074856304994,0.0017841528182058668,0.004810912388366874,0.0037957834746048993,0.0024612202916824352
107,0.00845047912948257,0.025633424012928643,0.015460617974850144,0.024924596125049943,0.007310229489928867,0.041052561098634865,2.8365362517266494e-05,0.009089889119628101,0.036464640769695765,0.002809379364982555,0.004247740819116269,0.00603882922677034,0.005239295566145377,0.0027086763463669604,0.0030916967270886806,0.0018446086583304667,0.006973656210896401,0.0065695048846373325,0.0013163134630067217,0.0011227586055725619,0.00326844452599245,0.0006050332873287333,8.125427284235001e-05,0.0011963355524776506,0.005381330055444617,0.0021720027225625,0.0026088409965314987
108,0.007706186002608347,0.025223222238593024,0.012224242623694408,0.03058491694297565,0.0030590317282962656,0.050942242620996066,0.0009713890375912667,0.002771795372552649,0.035586437907204345,0.004308004124345417,0.003188655003344291,0.002248520917951639,0.005910977154207565,0.00026190070344190067,0.0015935132268954564,0.00016193557879128263,0.006730390137492026,0.006257103820511468,0.001195464391195443,0.0015582688242102194,0.002574874255411036,0.0013266652674050795,1.759414254411667e-05,0.0007836111636063503,0.0035059872856460653,0.0007015812992644002,0.0017664714023397916
109,0.007848529051188389,0.023885769919516756,0.010845115322783823,0.02740656055690093,0.005989551778747399,0.04353969483252597,0.00013300029599420038,0.0047132050255617956,0.03611724098810885,0.005283241507320562,0.003985624595046042,0.002289616621961111,0.0029924168948330327,9.092055837052064e-05,0.004853458979400661,0.0007948403819136898,0.0030504956159892642,0.00691382722995567,0.0018129632188207652,0.0009291278234985002,0.000673281106788965,0.0014348628840510566,0.0012478683075686002,0.00259814431551845,0.002950303477252424,0.0039860471655225,0.002882482173381945
110,0.006400863156132255,0.025040900941387105,0.015436948619893932,0.029097785914355804,0.0073772036776544,0.049472969621782395,7.498814577380014e-05,0.007397076071137536,0.03752622275533342,0.003292215995223191,0.0037401307607468084,0.00345405749722433,0.003712250357025221,0.00030233242513576464,0.0032886389979720192,0.0018075075626913487,0.0018573888173843561,0.006477124581255964,0.0016426375975865366,0.0007210380449095801,0.0023948160868142118,0.0012693772068913009,0.00017796761092577076,0.0005046769202567227,0.003270561785546587,0.0011600434095480998,0.0023223844446207
111,0.007601087289445957,0.022572451758867376,0.019429339264173312,0.0294843795106845,0.003157717449664516,0.03704758479604187,0.0003145401207690671,0.004310514683340101,0.03791817515925147,0.004647665132510956,0.003157278146452661,0.006319103707356527,0.003549906563437709,0.0005183626644920186,0.00013988209270967262,0.00041120242031761676,0.004068878836119696,0.00621266317431394,0.00132162162815884,0.001165771526662923,0.0009223500089996435,0.00028411224723545503,3.2165685480600025e-05,0.0025768121750376,0.00423003392650865,0.0003367757171024997,0.002185118258459946
112,0.0069437246545381226,0.02321331726694501,0.009737049597079566,0.02582220157401971,0.0025826546521849993,0.048773379854636596,0.0005074615742116669,0.0069821287077116885,0.03575218393604778,0.004151949839834606,0.003398347612564361,0.0006196244878566826,0.005464219623348647,0.000828514725890856,0.0061621263451749845,0.0012484016733176238,0.010578058321697344,0.006749299923615689,0.0012903335230744885,0.0011449655499219601,0.0031769697572888167,0.0020935546532636637,0.00011966245066217856,0.004432951918176895,0.006069242461630402,0.0026058854399198766,0.002526749927901319
113,0.0070142422734656516,0.02416065000192447,0.011443289264094074,0.027864933483462754,0.0035298300698754,0.04632531444635726,0.0006777942849548666,0.01071364998673817,0.036380916018628084,0.00384184919844058,0.0029968219323487947,0.0009839014707492277,0.003929988282187938,0.0007925909615048318,0.0009286287999666004,0.00010713904526061799,0.0022269706608241,0.004570884202592645,0.0010605409481489118,0.0016522294427494186,0.0021272616083151618,0.0022253704242422663,0.0005906546684381359,0.0005380858534003163,0.0035334352846591384,0.0010156172265625,0.002159532019039795
114,0.008103400278297443,0.0226811916900105,0.01558914251232767,0.02371219773793818,0.0044213684975538,0.042066338041074874,0.0020830328567388668,0.007596375768696099,0.03783894543075655,0.005986942107623454,0.004826947424736492,0.001721825271661597,0.00406408261220776,0.0006305382738432647,0.00021065888829526662,7.971419648580661e-06,0.008738102925430221,0.005929145697745049,0.0016357769276901402,0.0013606168547937697,0.0012319320670293162,0.001227904582564291,0.0005214762777128126,0.0019372634438307164,0.0034218554045328535,0.0008252100786609002,0.0028381258653191843
115,0.005665448764499407,0.02725565043211462,0.016851383830554546,0.02575000544524753,0.003992467831112601,0.04452915966131991,0.0018048531712152663,0.014556124737322757,0.039776341969354534,0.0034590330345063854,0.0057974307356180215,0.0023052216182815975,0.004663122634620962,0.000820013589077046,0.0020946256019850665,6.085114289368802e-05,0.009337747869072526,0.006140504573014322,0.001771211766071711,0.0009759444310259813,0.0013123279010752856,0.00040081014568028054,0.00010579505346121664,0.00039642141509801677,0.001943522533053267,4.284361816900006e-06,0.0019794447021370585
116,0.00644324234014697,0.02425073702823387,0.014220690339571901,0.0216365454551661,0.0028867130553524656,0.03950482067584605,0.0009016921552994667,0.0048180521205961,0.03611324373665193,0.004472047514614962,0.00378397010653541,0.0016243270483305727,0.003512859996407048,0.0004876229999850605,0.002033306343936867,0.0006656151091791046,0.00012534947553776414,0.005798967489074949,0.0006602560717612134,0.0016023501003819634,0.00101178482393934,0.0003744056339319168,5.259018273730666e-06,0.0013445591891924663,0.0024384859718129684,4.2366430102499996e-05,0.0022178090986213162
117,0.005811470648066741,0.023687501719857774,0.016077955500196195,0.022278391277004227,0.0053861180574858655,0.043901524112472064,0.0013004121115282664,0.006101375187689999,0.034091608143425406,0.0035511523550027222,0.002772039912237755,0.0034991817257602497,0.003067953475099839,0.0006272219915805618,0.00045378959762386415,0.0001471527978175163,0.0024227483837020837,0.005637283671084403,0.0011910247390791557,0.0007508989175261887,0.003736331291547749,0.0010701943673143445,0.0001686418084926746,0.0008816683158751999,0.003530015173122963,0.002607559670632901,0.002124067164886958
118,0.0071373284662129876,0.021936852766835827,0.022474248446142778,0.03270499895190511,0.005606033599998866,0.05150369452683481,0.0009219565793844662,0.024683913454322498,0.03891562317070998,0.003215067137955716,0.0032755893447350653,0.002843252356810609,0.0031839664225860515,0.00020574004228739263,0.003959789740474346,8.359123836578672e-06,0.0087232872741316,0.0060030406126405245,0.0010116747256211298,0.0016142680692003437,0.001011579665436049,0.0005387421438551505,0.0005579733611272663,0.00305340961496317,0.0031484071170604097,0.0012409932427747549,0.0020607141379312133
119,0.005675521811965923,0.027426531858013747,0.01778256800636363,0.030729829150865466,0.0028408795633958015,0.038401506966289946,0.0010613287503576001,0.004164938148014224,0.038134426582782356,0.00502847049333633,0.0031589466720459555,0.0015689353542138538,0.0010905900823624782,0.00033951463856080787,0.0007505632428491539,6.973796182041864e-05,0.007205176995622596,0.004542918499673852,0.002153900262756794,0.0014652418153780083,0.0016702378271302462,0.0005290116608724606,4.367163391632594e-05,0.00328091763282856,0.002045009570881218,0.0008282437916006253,0.002828121847884375
120,0.006371983986406621,0.02603437008110452,0.01718026668113244,0.02773833938456812,0.0014019891651616664,0.046484065277599254,0.0016274657872838,0.003156394314149209,0.03634406120935166,0.0054622627733373645,0.00370935455524615,0.0027716705607664822,0.002958195559387012,0.0003587526837086586,0.0014704378522689787,0.000848700208459754,0.0035623312162318243,0.005813558049826002,0.0017280653402791178,0.0010287972424388736,0.0008528630069831525,0.0016926175410983447,0.00014052595843721657,0.001721589957494131,0.00635201991538089,0.00026307704612250053,0.0022940120477365628
121,0.006753215918902191,0.025585369534722055,0.013772730101265111,0.027487661180386848,0.004421165041263801,0.0339417002407578,0.00027612688045740004,0.0003426643033056358,0.03445222276701007,0.007379545263186217,0.00381581725978929,0.0021396295729561214,0.005548372280173392,0.00034420602140211267,0.0015146683090619245,1.8757408731103132e-05,0.007136774093124899,0.006669284595408677,0.0024320746872012575,0.0018147551539557539,0.0007752761801717273,0.0007776618290531777,0.0002201779061878248,2.4648423029599982e-05,0.007029109416466424,0.0005661447280896162,0.0022728102578199226
122,0.008144897315833573,0.022371853518968882,0.015676579424549413,0.02771016460388618,0.0017819099570450005,0.04495826835905526,0.0002666014349154665,0.014426108223300227,0.034066853041670474,0.005515417486639168,0.0038168747746533493,0.0010004092720591851,0.005534752852083909,0.00032713447988521867,0.00331058564608609,0.0006748981915816527,2.9392716465025002e-05,0.0062720720795086315,0.0007508610078577613,0.001603079132140683,0.0024059026694119405,0.00176882665463005,0.0006412250688928664,0.001591275450646467,0.003986021102751203,4.554225224999875e-07,0.0024029675057180644
123,0.007475809590786718,0.024000749693583918,0.016077015066179506,0.028288900828144135,0.0023713987001602664,0.03659110800208457,0.0007236979802240658,0.014245499534758142,0.03535661130328154,0.003986905977005601,0.0026921138462132383,0.002149737818838656,0.003377371265898495,0.0006572210381512487,0.001551424309712174,0.000998133702238118,0.0028912408604676,0.004883314061004038,0.0018223473520812567,0.0013186457776135291,0.000874425046950896,0.0012560007039214257,9.096045228474e-06,0.0014953736614279499,0.00934612616704177,0.00018592276962250013,0.002602558254536892
124,0.0070122286322310936,0.028036444297082092,0.021666698494554708,0.031175773918015598,0.002648584163192267,0.04274939874746,6.092278678106682e-05,0.009389785002215411,0.0382032926450926,0.006499937050376786,0.004130736712374464,0.0010535423574161735,0.005574549995363239,0.0009538622830784088,0.0011803006911516537,0.00026708858161548165,8.5115348736804e-05,0.007061634590436676,0.0013274840451969728,0.0009585229867181549,0.0019326566100917734,0.0014327050466039538,0.0004325095534710187,0.0009085797043691004,0.0060441409110908745,0.0004249914187024002,0.0019563858603179334
125,0.006824554180805324,0.02602570909597557,0.021176884605268162,0.026295113206120713,0.0020451371173448012,0.04437868466356919,0.00042920440589839967,0.004975773647943413,0.037241071220506475,0.00785429494761829,0.004307971847872046,0.005843931162581197,0.00400107287865981,3.135618864944998e-05,0.0023740600467605844,0.0015543206934186746,0.0020901539941128038,0.008052876385723329,0.0018418140973416562,0.001659008638466005,0.0032165475746465605,0.00039077097876182324,6.506967325394405e-05,0.0013708315950323308,0.005018347303936323,0.0036933628770259358,0.0021979748646054286
126,0.007631202140380493,0.028607805088755538,0.014850170210464697,0.03401671656134751,0.003442495989002466,0.04823266603508486,0.0003926550046002664,0.0036866209994376015,0.03756237284415942,0.007647859203301372,0.0034003560984396746,0.0030003895548547004,0.0035687777826234317,0.00045119055815935285,0.0033843172006173847,0.0002607788853326502,0.009026492511701024,0.007325401565705513,0.0013068497252511503,0.0009560615962724569,0.0035346052574350135,8.324396273120849e-05,0.00018815640811608268,0.0012046809683959605,0.0052281981948386885,1.7587003456000179e-06,0.002188026390965067
127,0.008446302699686211,0.023871649131457177,0.012034188335535895,0.028321120109648674,0.0038223228426800112,0.03699527805133922,7.749043644326658e-05,0.00421599855555213,0.036597827714319874,0.005680080078444977,0.0029611734382460272,0.005187242145348876,0.004803153642278607,0.00032287429423874417,0.0007186261958407999,0.00042792421224807203,0.003655298782510489,0.0069370485209426635,0.00149001779515343,0.0027960104417917003,0.0012525034005504724,0.0002525175850605834,1.2607271923660651e-05,0.0011462971760729925,0.0051826573714246725,0.003442725348766564,0.002116355080182473
128,0.010059201796370133,0.020571151934224013,0.014567907824582,0.023953446494309645,0.0020149806097482,0.03615285686935388,0.00011949263049499985,0.0012749782513927737,0.03277885870475426,0.005940592473217217,0.002356291001584475,0.005123386221010067,0.008434462896557745,0.0003239406508301166,0.0004350502961885167,0.0004930093810800527,0.0004053249650438559,0.006904024894843909,0.002486775699079822,0.0022321917423576637,0.0031931876137127483,0.0014112891521015016,7.64239015136846e-05,0.0020325767042882726,0.007172758643460794,4.004662149759998e-05,0.002747105869646918
129,0.008775131032708081,0.021347389868267185,0.011458515218492853,0.03219372005293946,0.003919483945444067,0.042130125548762595,4.191524053266683e-06,0.003990956423916289,0.03558179955021954,0.00607444576058826,0.002978983243052676,0.004433958862430719,0.006134234432004325,0.0006403057508776406,0.0014776565816453145,0.000658792936058522,0.0023289258690309157,0.005785613871049651,0.002182637143513303,0.0016293747908565934,0.004271769251301037,0.0006290970350193619,0.00011684630889860003,2.8608277793316658e-05,0.006202787776928013,0.0007345043652310809,0.0028751401080179
130,0.008009466725924676,0.022636447347221793,0.011806387559709142,0.02347424221237903,0.003343160104378467,0.0404119560096392,7.344409020506679e-05,0.0052881964511041785,0.03208911937359919,0.004778291448372875,0.003204270823851863,0.005030485865658558,0.0039585787471116225,0.0011876286766113308,0.00026959844569187264,0.002003516514941133,0.001567672641071716,0.00516143178823199,0.0011339593933416565,0.0017478628552251526,0.0036965342816583256,0.0013730226644192516,0.00015965972310501663,0.00031022554310926645,0.0049858354561884075,5.757561937959961e-07,0.0023620257229554167
131,0.007348166583323859,0.022350567787240514,0.014198384573029035,0.03034419771364435,0.0009650756861785999,0.04190392114782487,0.0002726888585868663,0.0014861388914227842,0.03355580293209805,0.004515588593531535,0.0022286002761972364,0.0025459563713711207,0.004381338200280483,0.000499775957657288,0.0009662270092769608,0.000594191989541786,0.008287737918036196,0.004859525557367361,0.002812930563574705,0.002063259911011006,0.002036153748374594,0.00026211515371241394,0.0009699636721654167,2.3578341914000144e-06,0.00535392338622576,0.0001554100319187363,0.0028618212769002662
132,0.00932822314326641,0.02557665298835993,0.014287509747781198,0.03323503287651319,0.0014580808747824661,0.05347531125336687,0.0013871810338537997,0.0037366981091146133,0.038911552381177106,0.005710971896447372,0.002196624000271233,0.002434621530024487,0.00459037968694753,0.0008669079902109628,0.0009886911603077342,0.0012043772321629139,0.00801329096155817,0.0056386674382545715,0.0029812111048195984,0.0017554520930379888,0.003823382182799813,0.0010654750525972757,0.00038107208517790063,0.00025459680179406663,0.0046155079321045945,0.0005153154243135998,0.0025983828035290144
133,0.008778803639205746,0.02498815418600776,0.016841905979127415,0.027050582783964845,0.0021791742063984668,0.03900385874323717,0.00023522887270046648,0.00014823211035372102,0.03473830136834931,0.005968610433244157,0.004378796808316192,0.0032021261142570383,0.005035553440661441,0.0005139849142920528,0.0008876930431125807,0.0012292045066687408,0.004035693069681026,0.007988523297254873,0.0035656982562282755,0.001958160235403637,0.002104150848288765,0.0016412281931173075,6.379013759118867e-05,0.0006933356542408662,0.0012796110608709322,0.0019756193702435993,0.0037542571765880367
134,0.010105266437271243,0.02361497537118525,0.01355508510621881,0.03573843674499169,0.0016696008041124665,0.05403349812606886,2.5177048128066602e-05,0.000269431640983129,0.03828167630549088,0.005621012308241352,0.0023717323273073363,0.002360829259193758,0.00604867067515117,5.4662800995244714e-05,0.007118127061932728,0.0003236825946142086,0.008259180216321023,0.006879578236337447,0.001939088021607721,0.003682446719977251,0.003492974542224186,0.0013533655484161092,9.67968228018166e-05,0.0005704834545464668,0.007894263272618211,0.0059841008075809,0.003061757337018339
135,0.009001682818803976,0.023578963858014453,0.01820168159199621,0.03496198089769284,0.0017220907277767997,0.050635432727444765,4.691994264206684e-05,0.0022823990282916005,0.04056378314538377,0.005473062003496697,0.002125324403082659,0.0019974206802559746,0.005241590420257015,2.4521696653999965e-06,0.0016607931723698667,0.0007530185441133547,0.003612991379450896,0.006399506002998123,0.0021991619453450243,0.0034365125828017514,0.006284100931396471,0.0006949328639410123,0.0016516394630746879,0.00036211592330097884,0.007779255421238616,3.6149723351295944e-05,0.0032232646947001676
136,0.010304322082260061,0.023394720185784038,0.0160831720766065,0.032929832520158575,0.002131498015953866,0.050690121140085,0.000644251143452067,0.0016693270775596405,0.03822941663370876,0.00613163591085878,0.0030495165030388453,0.005019454398863782,0.004886844300237486,8.823371932007271e-05,0.003763038999861721,0.001903826664707925,0.000521596716834064,0.0077954308041673194,0.0018765796392144758,0.002035122178426477,0.0012503746988052188,0.0006562092953773126,0.0005124520104807226,0.0008409651086492665,0.0052580957835209,5.639837271322491e-05,0.002137445825565625
137,0.009606837801480838,0.024233135534724757,0.02005361117922097,0.030620710849695067,0.0012173580193937997,0.05527824810136806,0.0002628653392166001,0.00019498935817188106,0.03918678541738219,0.006932402441540886,0.003257308816328903,0.008930798349180868,0.004626936628635148,4.157630469480802e-05,0.001700546208786717,0.0018621130216620021,0.0010409831186328998,0.008007361301627021,0.0023365182276685395,0.001953405328370994,0.0016773248369940374,0.0019653969253885933,0.0002559049732163947,0.001081000766453984,0.0055495970570986425,0.0005900347057968997,0.0026347057150549248
138,0.011260236736261545,0.026102398851976606,0.01996597082120167,0.036182096114821,0.0017848437026016675,0.0492767439453254,0.00044687453757846665,0.002846551145486401,0.04330803830296251,0.008104730052197057,0.00280713924276964,0.01110994871537575,0.004084199929216941,0.00033548136204446667,0.0019258798275209306,0.0022230495222769725,0.0032419073750625,0.007772857583716282,0.002130206384043436,0.00229975699314481,0.0012814487527063973,0.002092685907650631,0.000235197560138342,0.0017141326404075522,0.0037534189393269224,0.0022594222142244,0.0024675700734417376
139,0.009624212530438419,0.02122121328245043,0.01583088001003591,0.02807745349023169,0.0021564152257544,0.0426286990905554,0.001197472556512266,0.00024773614141249605,0.03576540816883194,0.005827204374382734,0.0034047799964855435,0.0042518572376571305,0.0055244702570429825,0.00017561355343262468,0.002592175019657504,0.0008324297394939563,0.0016603892355198764,0.006097903780635333,0.002686268656806982,0.0010541823148958636,0.0033740004036162704,0.0011657649623101301,5.946624819426202e-05,0.0025063028830041916,0.004752933249689689,0.0008514918923515557,0.002511212718647595
140,0.008989960232488058,0.02427524892432931,0.019636031324368267,0.03354216753419992,0.0023076172096934897,0.05722171325986887,0.0001990517961912667,0.002729595091507729,0.03855404292699653,0.010633599811885986,0.0035377776989309936,0.007417854159960997,0.0037640128773185145,0.0005699072842505606,0.0027038633614555924,0.00037016841903213065,0.0006890688000143994,0.008061519314978978,0.0015624156792638912,0.0011143483670976056,0.001987010938612767,0.0014319810259354933,5.243272382297867e-05,0.0016267018226020663,0.005215887225244136,0.0012617241068115358,0.002254100845774549
141,0.008626957905984145,0.023128971881071853,0.01827251338610586,0.022697383635768183,0.0026237771963184666,0.053743765194497015,5.879402230746681e-05,0.0006989342152684963,0.037295074412109566,0.00805332553374451,0.0028979378664928776,0.007147498140252762,0.004697394362293826,0.0002526510402096007,0.0014086399286642663,0.0012017304967909311,0.0009348752650329005,0.008199073440584638,0.0015830053935096213,0.002903520043587186,0.002860220801025878,0.0007347126146527631,6.971903909306665e-05,0.00015500538442166672,0.005817579627202932,1.2418223602499986e-05,0.002373488829952182
142,0.008790606442465812,0.02520883525571022,0.015947859009231652,0.030571796721702585,0.0024726116399268654,0.055058543901845315,0.0005701552319012665,2.3085382325624962e-05,0.03939387347832038,0.007745303287114195,0.003610603238226318,0.0026399891787396417,0.004244949394815354,0.000509481124340198,0.0025912677114277847,0.0007175212937149738,0.004965972134879717,0.007080533638339493,0.0014506125047104462,0.002082720733018426,0.0029328000820300917,0.0002611406810455443,0.0023626430104370104,0.0005631777206288667,0.007542117459692133,0.00044982354739393527,0.0025086967549799986
143,0.009550124154457195,0.026413247555809892,0.015024272294479935,0.03543189152563079,0.002823313206098466,0.05499870298806797,3.269743757540003e-05,0.0018536303833008643,0.04162759282090472,0.008351424825186906,0.003792439042637752,0.004278126779681214,0.00749147725284679,0.0014247965046180803,0.0016089213885234106,0.002184660589558496,6.671046968568987e-06,0.007797347773732427,0.0021501018570875105,0.0015188064525185209,0.004155360661419778,0.0001790503226355178,0.00015129777749108605,0.00033400437376951674,0.003324198816834195,0.0006804932216502252,0.002025253088520218
